uniprot_id,antigen_name,pathogen,length,molecular_weight,isoelectric_point,gravy,instability_index,aromaticity,aa_A,aa_C,aa_D,aa_E,aa_F,aa_G,aa_H,aa_I,aa_K,aa_L,aa_M,aa_N,aa_P,aa_Q,aa_R,aa_S,aa_T,aa_V,aa_W,aa_Y,label
P59632,ORF3a protein (UniProt:P59632),SARS-CoV-1,274,30902.3378,5.751560401916504,0.23941605839416055,37.03576642335765,0.1386861313868613,7.299270072992701,2.9197080291970803,5.109489051094891,2.9197080291970803,5.839416058394161,5.109489051094891,2.5547445255474455,8.02919708029197,4.37956204379562,9.854014598540147,1.8248175182481752,4.37956204379562,4.744525547445256,4.014598540145985,1.8248175182481752,5.474452554744525,8.394160583941606,7.299270072992701,1.8248175182481752,6.204379562043796,1
P59633,ORF3b protein (UniProt:P59633),SARS-CoV-1,154,17750.2615,10.818713569641115,0.09935064935064931,57.899350649350644,0.05844155844155844,3.2467532467532467,2.5974025974025974,0.0,0.6493506493506493,3.2467532467532467,1.2987012987012987,5.194805194805195,5.194805194805195,9.74025974025974,16.233766233766232,5.8441558441558445,1.2987012987012987,1.2987012987012987,7.792207792207792,4.545454545454546,9.74025974025974,13.636363636363637,5.8441558441558445,0.6493506493506493,1.948051948051948,1
P59634,ORF6 protein (UniProt:P59634),SARS-CoV-1,63,7526.786900000001,4.642290687561036,0.2968253968253968,25.78412698412699,0.1111111111111111,3.1746031746031744,0.0,7.936507936507937,7.936507936507937,6.349206349206349,0.0,1.5873015873015872,15.873015873015873,4.761904761904762,11.11111111111111,4.761904761904762,3.1746031746031744,4.761904761904762,3.1746031746031744,4.761904761904762,4.761904761904762,4.761904761904762,6.349206349206349,1.5873015873015872,3.1746031746031744,1
P59635,ORF7a protein (UniProt:P59635),SARS-CoV-1,122,13941.1652,8.24030055999756,0.21803278688524586,58.26721311475408,0.12295081967213115,6.557377049180328,4.918032786885246,1.639344262295082,6.557377049180328,8.19672131147541,3.278688524590164,3.278688524590164,5.737704918032787,4.918032786885246,13.114754098360656,0.819672131147541,1.639344262295082,4.918032786885246,4.098360655737705,4.918032786885246,5.737704918032787,9.836065573770492,5.737704918032787,0.0,4.098360655737705,1
P59636,ORF9b protein (UniProt:P59636),SARS-CoV-1,98,10802.3335,4.902556419372559,-0.12244897959183676,38.94795918367347,0.030612244897959186,8.16326530612245,0.0,6.122448979591836,5.1020408163265305,2.0408163265306123,3.061224489795918,1.0204081632653061,5.1020408163265305,3.061224489795918,11.224489795918368,5.1020408163265305,4.081632653061225,8.16326530612245,8.16326530612245,5.1020408163265305,6.122448979591836,8.16326530612245,9.183673469387756,0.0,1.0204081632653061,1
P59637,Envelope small membrane protein (UniProt:P59637),SARS-CoV-1,76,8360.9048,6.0056875228881825,1.1407894736842106,30.482894736842105,0.10526315789473685,5.2631578947368425,3.9473684210526314,1.3157894736842106,3.9473684210526314,5.2631578947368425,2.6315789473684212,0.0,3.9473684210526314,2.6315789473684212,18.42105263157895,1.3157894736842106,6.578947368421052,2.6315789473684212,0.0,2.6315789473684212,9.210526315789474,6.578947368421052,18.42105263157895,0.0,5.2631578947368425,1
P59594,Spike glycoprotein (UniProt:P59594),SARS-CoV-1,1255,139123.5359,5.562059211730956,-0.045019920318725114,32.41882071713161,0.11792828685258964,6.693227091633466,3.1075697211155378,5.816733067729084,3.346613545816733,6.613545816733068,6.294820717131474,1.1952191235059761,6.2151394422310755,4.780876494023905,7.888446215139442,1.593625498007968,6.4541832669322705,4.54183266932271,4.382470119521912,3.1075697211155378,7.649402390438247,7.888446215139442,7.250996015936255,0.8764940239043825,4.302788844621514,1
P59595,Nucleoprotein (UniProt:P59595),SARS-CoV-1,422,46024.4626,10.113687324523923,-1.0265402843601896,52.280142180094806,0.06872037914691943,8.056872037914692,0.0,5.213270142180095,3.3175355450236967,3.080568720379147,10.663507109004739,1.1848341232227488,2.6066350710900474,6.872037914691943,6.161137440758294,1.6587677725118484,5.924170616113744,7.345971563981043,8.056872037914692,7.345971563981043,8.293838862559241,7.819905213270142,2.6066350710900474,1.1848341232227488,2.6066350710900474,1
P59596,Membrane protein (UniProt:P59596),SARS-CoV-1,221,25060.217599999996,9.632817649841307,0.41674208144796376,30.441176470588225,0.12217194570135746,8.597285067873303,1.3574660633484164,2.7149321266968327,3.167420814479638,4.97737556561086,6.787330316742081,1.3574660633484164,8.144796380090497,2.7149321266968327,14.027149321266968,3.167420814479638,5.882352941176471,2.262443438914027,2.262443438914027,6.787330316742081,5.429864253393665,5.882352941176471,7.239819004524887,3.167420814479638,4.072398190045249,1
P06821,Matrix protein 2 (UniProt:P06821),Influenza_A,97,11044.571699999999,5.681818962097168,-0.20721649484536084,42.82061855670102,0.09278350515463916,5.154639175257732,3.0927835051546393,5.154639175257732,9.278350515463918,4.123711340206185,8.24742268041237,2.0618556701030926,9.278350515463918,5.154639175257732,10.309278350515465,2.0618556701030926,3.0927835051546393,4.123711340206185,2.0618556701030926,7.216494845360825,7.216494845360825,3.0927835051546393,4.123711340206185,2.0618556701030926,3.0927835051546393,1
Q7TFA0,ORF8a protein (UniProt:Q7TFA0),SARS-CoV-1,39,4327.2761,8.300256156921389,0.6435897435897436,27.074358974358972,0.0,2.5641025641025643,15.384615384615385,2.5641025641025643,2.5641025641025643,0.0,0.0,5.128205128205129,7.6923076923076925,7.6923076923076925,12.820512820512821,2.5641025641025643,2.5641025641025643,5.128205128205129,5.128205128205129,2.5641025641025643,7.6923076923076925,5.128205128205129,12.820512820512821,0.0,0.0,1
Q7TFA1,Protein non-structural 7b (UniProt:Q7TFA1),SARS-CoV-1,44,5302.4157,4.0500284194946286,1.4136363636363636,39.77522727272727,0.18181818181818182,2.272727272727273,4.545454545454546,4.545454545454546,9.090909090909092,13.636363636363637,0.0,0.0,11.363636363636363,2.272727272727273,25.0,4.545454545454546,2.272727272727273,2.272727272727273,2.272727272727273,0.0,2.272727272727273,4.545454545454546,4.545454545454546,2.272727272727273,2.272727272727273,1
Q7TLC7,Uncharacterized protein 14 (UniProt:Q7TLC7),SARS-CoV-1,70,7852.2483999999995,6.250095176696779,0.31,26.667142857142853,0.05714285714285714,12.857142857142858,5.714285714285714,0.0,10.0,1.4285714285714286,1.4285714285714286,4.285714285714286,4.285714285714286,5.714285714285714,15.714285714285714,1.4285714285714286,1.4285714285714286,7.142857142857143,7.142857142857143,2.857142857142857,2.857142857142857,1.4285714285714286,10.0,1.4285714285714286,2.857142857142857,1
P0C0U1,Protein PB1-F2 (UniProt:P0C0U1),Influenza_A,87,10483.138299999999,10.751086235046387,-0.8206896551724139,50.01724137931033,0.08045977011494253,0.0,1.1494252873563218,2.2988505747126435,3.4482758620689653,2.2988505747126435,4.597701149425287,4.597701149425287,4.597701149425287,9.195402298850574,10.344827586206897,4.597701149425287,3.4482758620689653,4.597701149425287,11.494252873563218,8.045977011494253,5.747126436781609,8.045977011494253,5.747126436781609,4.597701149425287,1.1494252873563218,1
P03452,Hemagglutinin (UniProt:P03452),Influenza_A,565,63352.1339,6.519057273864747,-0.3642477876106195,36.78623008849556,0.09557522123893805,5.663716814159292,2.831858407079646,3.5398230088495577,7.079646017699115,3.185840707964602,7.433628318584071,2.3008849557522124,6.1946902654867255,6.548672566371682,9.20353982300885,1.9469026548672566,8.849557522123893,3.7168141592920354,3.0088495575221237,3.5398230088495577,7.787610619469026,4.95575221238938,5.84070796460177,1.7699115044247788,4.601769911504425,1
P03468,Neuraminidase (UniProt:P03468),Influenza_A,454,50120.103,6.776594734191894,-0.2533039647577093,30.45418502202643,0.1013215859030837,3.5242290748898677,4.185022026431718,5.506607929515418,3.9647577092511015,3.5242290748898677,9.691629955947137,2.202643171806167,8.810572687224669,5.066079295154185,4.6255506607929515,1.7621145374449338,5.506607929515418,4.6255506607929515,2.4229074889867843,4.185022026431718,11.45374449339207,6.167400881057269,6.167400881057269,3.5242290748898677,3.0837004405286343,1
P03466,Nucleoprotein (UniProt:P03466),Influenza_A,498,56209.1838,9.360567665100099,-0.5813253012048193,42.99781124497991,0.0783132530120482,7.831325301204819,1.2048192771084338,4.417670682730924,7.228915662650603,3.6144578313253013,8.23293172690763,1.2048192771084338,5.421686746987952,4.216867469879518,6.626506024096385,5.020080321285141,5.421686746987952,3.4136546184738954,4.216867469879518,9.839357429718875,7.831325301204819,5.622489959839357,4.417670682730924,1.2048192771084338,3.0120481927710845,1
P03485,Matrix protein 1 (UniProt:P03485),Influenza_A,252,27892.981499999998,9.424713706970216,-0.2146825396825397,37.74563492063491,0.051587301587301584,9.920634920634921,1.1904761904761905,2.380952380952381,6.746031746031746,2.7777777777777777,6.349206349206349,1.9841269841269842,4.365079365079365,5.158730158730159,10.317460317460318,5.555555555555555,4.365079365079365,3.1746031746031744,5.9523809523809526,6.746031746031746,7.142857142857143,7.142857142857143,6.349206349206349,0.3968253968253968,1.9841269841269842,1
P03496,Non-structural protein 1 (UniProt:P03496),Influenza_A,230,25867.449099999998,6.213945579528808,-0.3378260869565218,52.071739130434786,0.052173913043478265,6.956521739130435,0.8695652173913043,6.521739130434782,7.826086956521739,3.0434782608695654,6.086956521739131,0.8695652173913043,6.086956521739131,5.217391304347826,10.434782608695652,3.9130434782608696,3.4782608695652173,4.782608695652174,3.4782608695652173,8.695652173913043,6.956521739130435,6.086956521739131,6.521739130434782,1.7391304347826086,0.43478260869565216,1
P03428,Polymerase basic protein 2 (UniProt:P03428),Influenza_A,759,86093.5711,9.589430427551267,-0.3227931488801054,46.6877470355733,0.06719367588932806,5.797101449275362,0.6587615283267457,4.216073781291173,6.851119894598155,3.2938076416337285,6.324110671936759,1.3175230566534915,7.1146245059288535,5.797101449275362,7.7733860342556,4.743083003952569,4.479578392621871,3.820816864295125,4.743083003952569,8.168642951251647,6.851119894598155,6.719367588932807,7.905138339920948,1.3175230566534915,2.1080368906455864,1
P03431,RNA-directed RNA polymerase catalytic subunit (UniProt:P03431),Influenza_A,757,86575.467,9.389771842956542,-0.5143989431968297,43.10782034346112,0.08850726552179657,5.416116248348745,1.321003963011889,4.095112285336856,6.472919418758257,4.359313077939234,6.208718626155878,1.321003963011889,6.07661822985469,6.605019815059445,7.5297225891677675,5.284015852047556,6.472919418758257,4.227212681638045,4.095112285336856,7.001321003963012,6.605019815059445,8.058124174372523,4.359313077939234,1.1889035667107002,3.3025099075297226,1
P03433,Polymerase acidic protein (UniProt:P03433),Influenza_A,716,82587.4398,5.383186912536622,-0.4685754189944134,48.76075418994425,0.09497206703910614,5.167597765363128,2.094972067039106,5.027932960893855,10.754189944134078,5.027932960893855,5.027932960893855,1.8156424581005586,6.843575418994414,7.402234636871508,8.938547486033519,3.4916201117318435,4.748603351955308,4.329608938547486,2.653631284916201,5.58659217877095,7.262569832402234,5.167597765363128,4.189944134078212,1.675977653631285,2.793296089385475,1
P0C6U8,Replicase polyprotein 1a (UniProt:P0C6U8),SARS-CoV-1,4382,486367.4002,5.913835716247559,-0.020127795527156565,35.50988361478806,0.09675947056138749,7.416704701049749,3.2861706983112735,5.043359196713829,5.476951163852123,4.450022820629849,6.138749429484254,1.9625741670470105,4.837973528069375,5.887722501141032,10.132359653126427,2.5330899132816067,4.883614787768143,3.788224554997718,3.3546325878594248,3.331811958010041,6.800547695116385,7.302601551802829,8.146964856230031,1.0269283432222729,4.198995892286627,1
P0C6X7,Replicase polyprotein 1ab (UniProt:P0C6X7),SARS-CoV-1,7073,790239.6109999999,6.194336128234863,-0.07066308497101656,33.64565389509317,0.10349215325887177,7.224657146896649,3.294217446628022,5.598755832037325,4.905980489184222,4.679768132334229,5.92393609500919,2.2621235684999292,4.849427399971724,5.867383005796691,9.529195532305952,2.5024741976530467,5.174607662943588,3.873886611056129,3.3083557189311468,3.6618125265092605,6.475328714831048,6.998444790046657,8.200197935812243,1.088646967340591,4.580800226212357,1
P03508,Nuclear export protein (UniProt:P03508),Influenza_A,121,14380.3335,5.204087257385253,-0.4388429752066116,55.19834710743802,0.08264462809917356,1.6528925619834711,0.0,4.132231404958677,11.570247933884298,5.785123966942149,4.132231404958677,2.479338842975207,6.6115702479338845,4.958677685950414,14.049586776859504,5.785123966942149,4.132231404958677,0.8264462809917356,8.264462809917354,6.6115702479338845,9.090909090909092,4.132231404958677,3.3057851239669422,1.6528925619834711,0.8264462809917356,1
A0A663DJA2,Putative ORF10 protein (UniProt:A0A663DJA2),SARS-CoV-2,38,4449.1779,7.933108711242677,0.6368421052631579,16.060526315789474,0.1842105263157895,5.2631578947368425,2.6315789473684212,2.6315789473684212,0.0,10.526315789473685,2.6315789473684212,0.0,7.894736842105263,0.0,10.526315789473685,5.2631578947368425,13.157894736842104,2.6315789473684212,2.6315789473684212,5.2631578947368425,5.2631578947368425,5.2631578947368425,10.526315789473685,0.0,7.894736842105263,1
Q80H93,ORF8b protein (UniProt:Q80H93),SARS-CoV-1,84,9560.067000000001,9.445343589782716,-0.028571428571428588,34.68214285714286,0.09523809523809525,8.333333333333334,5.9523809523809526,2.380952380952381,1.1904761904761905,2.380952380952381,5.9523809523809526,4.761904761904762,3.5714285714285716,3.5714285714285716,10.714285714285714,2.380952380952381,7.142857142857143,3.5714285714285716,3.5714285714285716,7.142857142857143,1.1904761904761905,10.714285714285714,8.333333333333334,3.5714285714285716,3.5714285714285716,1
P0DTC2,Spike glycoprotein (UniProt:P0DTC2),SARS-CoV-2,1273,141176.816,6.236453819274902,-0.07918303220738415,33.00998428908107,0.11233307148468186,6.205813040062844,3.1421838177533385,4.870384917517675,3.7706205813040063,6.048703849175177,6.441476826394344,1.335428122545169,5.970149253731344,4.791830322073841,8.483896307934014,1.0997643362136684,6.912804399057345,4.556166535742341,4.870384917517675,3.2992930086410057,7.776904948939513,7.619795758051846,7.619795758051846,0.9426551453260016,4.241948153967007,1
P0DTC1,Replicase polyprotein 1a (UniProt:P0DTC1),SARS-CoV-2,4405,489983.4465,6.035812187194824,-0.023314415437003418,34.92404767309901,0.10192962542565266,7.014755959137344,3.1328036322360955,4.790011350737798,5.425652667423383,4.721906923950057,5.993189557321226,1.7026106696935301,4.880817253121453,6.265607264472191,9.875141884222474,2.383654937570942,5.2894438138479005,3.7230419977298523,3.4279228149829737,2.973893303064699,6.6742338251986375,7.832009080590239,8.422247446083995,1.0442678774120318,4.426787741203178,1
P0DTC6,ORF6 protein (UniProt:P0DTC6),SARS-CoV-2,61,7272.4565999999995,4.677076148986816,0.2327868852459016,31.162295081967212,0.09836065573770492,1.639344262295082,0.0,6.557377049180328,8.19672131147541,4.918032786885246,0.0,1.639344262295082,16.39344262295082,6.557377049180328,13.114754098360656,4.918032786885246,6.557377049180328,1.639344262295082,4.918032786885246,1.639344262295082,6.557377049180328,4.918032786885246,4.918032786885246,1.639344262295082,3.278688524590164,1
P0DTC5,Membrane protein (UniProt:P0DTC5),SARS-CoV-2,222,25146.3055,9.509102821350098,0.4459459459459459,39.13603603603602,0.12162162162162163,8.558558558558559,1.8018018018018018,2.7027027027027026,3.1531531531531534,4.954954954954955,6.306306306306307,2.2522522522522523,9.00900900900901,3.1531531531531534,15.765765765765765,1.8018018018018018,4.954954954954955,2.2522522522522523,1.8018018018018018,6.306306306306307,6.756756756756757,5.8558558558558556,5.405405405405405,3.1531531531531534,4.054054054054054,1
P0DTC4,Envelope small membrane protein (UniProt:P0DTC4),SARS-CoV-2,75,8364.9414,8.568766975402834,1.128,38.676133333333325,0.12,5.333333333333333,4.0,1.3333333333333333,2.6666666666666665,6.666666666666667,1.3333333333333333,0.0,4.0,2.6666666666666665,18.666666666666668,1.3333333333333333,6.666666666666667,2.6666666666666665,0.0,4.0,10.666666666666666,5.333333333333333,17.333333333333332,0.0,5.333333333333333,1
P0DTC3,ORF3a protein (UniProt:P0DTC3),SARS-CoV-2,275,31122.554399999997,5.552055549621582,0.27454545454545454,32.960727272727276,0.13454545454545455,4.7272727272727275,2.5454545454545454,4.7272727272727275,4.0,5.090909090909091,5.090909090909091,2.909090909090909,7.636363636363637,4.0,10.909090909090908,1.4545454545454546,2.909090909090909,4.363636363636363,3.272727272727273,2.1818181818181817,8.0,8.727272727272727,9.090909090909092,2.1818181818181817,6.181818181818182,1
P0DTC9,Nucleoprotein (UniProt:P0DTC9),SARS-CoV-2,419,45625.1383,10.069010734558105,-0.9713603818615751,55.08310262529836,0.06921241050119331,8.83054892601432,0.0,5.727923627684964,2.863961813842482,3.1026252983293556,10.262529832935561,0.954653937947494,3.341288782816229,7.398568019093079,6.443914081145585,1.6706443914081146,5.250596658711217,6.682577565632458,8.353221957040573,6.921241050119332,8.83054892601432,7.637231503579952,1.909307875894988,1.1933174224343674,2.6252983293556085,1
P0DTC8,ORF8 protein (UniProt:P0DTC8),SARS-CoV-2,121,13830.8536,5.416778755187988,0.21900826446280988,45.79107438016529,0.1322314049586777,4.132231404958677,5.785123966942149,5.785123966942149,4.958677685950414,6.6115702479338845,4.132231404958677,3.3057851239669422,8.264462809917354,4.132231404958677,8.264462809917354,0.8264462809917356,1.6528925619834711,5.785123966942149,4.958677685950414,3.3057851239669422,7.43801652892562,4.132231404958677,9.917355371900827,0.8264462809917356,5.785123966942149,1
P0DTC7,ORF7a protein (UniProt:P0DTC7),SARS-CoV-2,121,13744.0136,8.23082370758057,0.3181818181818182,48.65537190082644,0.1239669421487603,7.43801652892562,4.958677685950414,1.6528925619834711,6.6115702479338845,8.264462809917354,3.3057851239669422,2.479338842975207,6.6115702479338845,5.785123966942149,12.396694214876034,0.8264462809917356,1.6528925619834711,4.958677685950414,4.132231404958677,4.132231404958677,5.785123966942149,8.264462809917354,6.6115702479338845,0.0,4.132231404958677,1
P0DTD3,Putative ORF9c protein (UniProt:P0DTD3),SARS-CoV-2,73,8049.5851999999995,5.811639213562012,0.6027397260273972,32.55616438356164,0.0410958904109589,12.32876712328767,6.8493150684931505,1.36986301369863,6.8493150684931505,1.36986301369863,2.73972602739726,4.109589041095891,1.36986301369863,5.47945205479452,20.54794520547945,4.109589041095891,1.36986301369863,2.73972602739726,9.58904109589041,0.0,2.73972602739726,4.109589041095891,9.58904109589041,1.36986301369863,1.36986301369863,1
P0DTD2,ORF9b protein (UniProt:P0DTD2),SARS-CoV-2,97,10796.544199999998,6.5619707107543945,-0.08453608247422681,33.110309278350506,0.030927835051546386,7.216494845360825,0.0,5.154639175257732,6.185567010309279,2.0618556701030926,3.0927835051546393,1.0309278350515463,5.154639175257732,6.185567010309279,12.371134020618557,5.154639175257732,5.154639175257732,8.24742268041237,5.154639175257732,5.154639175257732,4.123711340206185,7.216494845360825,10.309278350515465,0.0,1.0309278350515463,1
P0DTD1,Replicase polyprotein 1ab (UniProt:P0DTD1),SARS-CoV-2,7096,794048.9258,6.323246955871583,-0.0701381059751973,33.312786076662086,0.10738444193912063,6.863021420518602,3.1848928974069897,5.48196166854566,4.791431792559188,4.918263810597519,5.80608793686584,2.0434047350620066,4.833709131905299,6.116121758737317,9.413754227733934,2.367531003382187,5.411499436302142,3.8613303269447576,3.3680947012401354,3.4385569334836528,6.4261555806087935,7.4267192784667415,8.42728297632469,1.0992108229988726,4.7209695603156705,1
P0DTD8,ORF7b protein (UniProt:P0DTD8),SARS-CoV-2,43,5180.2131,4.167344093322753,1.4488372093023256,50.96302325581395,0.18604651162790697,4.651162790697675,4.651162790697675,4.651162790697675,6.976744186046512,13.953488372093023,0.0,4.651162790697675,11.627906976744185,0.0,25.58139534883721,4.651162790697675,2.3255813953488373,0.0,2.3255813953488373,0.0,4.651162790697675,2.3255813953488373,2.3255813953488373,2.3255813953488373,2.3255813953488373,1
P0DTG1,ORF3c protein (UniProt:P0DTG1),SARS-CoV-2,41,4857.8903,10.432676887512205,0.7170731707317072,22.882926829268293,0.14634146341463417,7.317073170731708,0.0,2.4390243902439024,0.0,9.75609756097561,2.4390243902439024,4.878048780487805,2.4390243902439024,4.878048780487805,34.146341463414636,2.4390243902439024,0.0,4.878048780487805,4.878048780487805,7.317073170731708,7.317073170731708,0.0,0.0,0.0,4.878048780487805,0
P0DTF1,Putative ORF3b protein (UniProt:P0DTF1),SARS-CoV-2,22,2457.0843,5.274794960021972,2.1727272727272724,14.240909090909087,0.13636363636363635,4.545454545454546,0.0,0.0,0.0,9.090909090909092,4.545454545454546,0.0,22.727272727272727,0.0,9.090909090909092,9.090909090909092,0.0,4.545454545454546,0.0,0.0,0.0,18.181818181818183,13.636363636363637,0.0,4.545454545454546,1
P0DTD7,Non-structural protein nsp1,SARS-CoV-2,25,2165.4887999999996,5.525000190734862,1.06,45.21600000000001,0.0,0.0,0.0,0.0,0.0,0.0,44.0,0.0,4.0,0.0,28.0,0.0,4.0,0.0,4.0,0.0,8.0,0.0,8.0,0.0,0.0,0
P0DTD5,Non-structural protein nsp2,SARS-CoV-2,32,3059.6084,10.301548194885253,0.10625000000000002,2.440625,0.03125,37.5,0.0,0.0,3.125,0.0,12.5,0.0,3.125,18.75,3.125,6.25,3.125,0.0,0.0,0.0,6.25,0.0,3.125,3.125,0.0,0
P59638,ORF9b-like protein,SARS-CoV-1,418,44276.9938,8.643227958679201,0.7882775119617225,31.672727272727265,0.08373205741626794,13.397129186602871,1.9138755980861244,1.9138755980861244,2.15311004784689,4.0669856459330145,9.330143540669857,1.9138755980861244,5.980861244019139,1.1961722488038278,17.70334928229665,3.588516746411483,2.15311004784689,4.0669856459330145,3.349282296650718,3.827751196172249,7.177033492822966,6.220095693779904,5.741626794258373,2.15311004784689,2.15311004784689,0
P03498,Non-structural protein 2 NS2/NEP,Influenza_A,237,26889.809800000003,9.191144752502442,-0.39704641350210973,61.25991561181433,0.054852320675105495,6.751054852320675,1.2658227848101267,6.329113924050633,6.751054852320675,3.3755274261603376,5.485232067510548,0.8438818565400844,6.329113924050633,6.329113924050633,9.70464135021097,4.641350210970464,4.641350210970464,4.641350210970464,3.7974683544303796,8.860759493670885,6.329113924050633,5.9071729957805905,5.9071729957805905,1.6877637130801688,0.4219409282700422,0
